Step,Shls,Age_gyr,LogL_lsun,LogR_rsun,Log_g,log_Teff,Mco_core,Mco_env,Rco_env,Tco_env,Dco_env,Pco_env,Oco_env,LogT_cen,LogD_cen,logP_cen,Beta_cen,Eta_cen,X_cen,Y_cen,Z_cen,ppI_lsun,ppII_lsun,ppIII_lsun,CNO_lsun,3a_lsun,HeC_lsun,Egrav_lsun,Neut_lsun,Cl_snu,Ga_snu,pp_neut,pep_neut,hep_neut,Be7_neut,B8_neut,N13_neut,O15_neut,F17_neut,diag1,diag2,He3_cen,C12_cen,C13_cen,N14_cen,N15_cen,O16_cen,O17_cen,O18_cen,He3_sur,C12_sur,C13_sur,N14_sur,N15_sur,O16_sur,O17_sur,O18_sur,H2_sur,Li6_sur,Li7_sur,Be9_sur,X_sur,Y_sur,Z_sur,Z_X_sur,Jtot,KE_rot_tot,I_tot,I_cz,Omega_sur,Omega_cen,Prot_sur_d,Vrot_kms,TauCZ_s,MHshell_base,MHshell_mid,MHshell_top,RHshell_base,RHShell_mid,RHshell_top,logP_phot,Mass_msun,H_lum,Mass_input,Metallicity_input,Z_used,Age_input
330.6532014725054,389.2035698096506,12.0,-1.3947915973866498,-0.3340613824185456,4.805173545978372,3.5796567752433313,0.0,0.14749550386532326,0.27281378854796445,3771200.287286032,10.107064483807461,5137047555364434.0,18.020852185406298,6.939754550969682,1.8968916901217943,16.944430008547215,0.9998351952118669,-1.0994333409618244,0.6310140464649857,0.3502764685306278,0.017908723349518003,0.04030324108024137,4.407968517589796e-05,8.917491730240238e-12,2.837755953798868e-06,0.0,0.0,-1.2531670144777506e-05,0.0,0.01528937998001833,3.37613881422954,0.27317411081283616,0.0005926540395218584,1.234624122350778e-07,0.00019732048257918716,5.789161418513517e-11,4.4294478961229334e-05,8.552425230840375e-09,3.4510812009064913e-10,0.12466124875759109,0.00019732048257918716,0.000800761294612515,0.002725395223767808,0.00028382319921579295,0.0010114621151823195,0.0,0.008381658207649708,0.0,3.112388500227985e-06,0.00011545615387851034,0.0030484157647807392,3.453512831473115e-05,0.0009030652795311241,0.0,0.008381662343989946,0.0,3.112388500227985e-06,0.0,0.0,0.0,0.0,0.7165622026235803,0.2654136178436655,0.017908723349518003,0.02519103660928063,0.0,0.0,1.8202874070691339e+53,1.0592981747226668e+53,0.0,0.0,0.0,0.0,3948950.866551261,0.0,0.0,0.0,0.0,0.0,0.0,5.544262496467144,0.5,0.04035016083302084,0.5,0.0,0.022917651,12.0
333.6751848438804,389.92040999408573,12.0,-1.3650571363696085,-0.3256386812558756,4.796246268512632,3.5828790398566293,0.0,0.14239844701655974,0.2814730018390721,3713897.9976206184,9.465364038960402,4778034269353258.0,18.3014732036367,6.944344174247664,1.901205233785729,16.951795442484144,0.9998304659996502,-1.1087631699291807,0.6267376197638733,0.35460095232249683,0.017908723349518003,0.04418327673895341,5.913185624934143e-05,2.6284741808704304e-11,5.965691473108532e-06,0.0,0.0,-1.3351444335087482e-05,0.0,0.01668456322954769,3.690649583567807,0.2982241986317367,0.0006474842690614591,1.3065043550423147e-07,0.00026468749737128396,1.7066419050382114e-10,7.303505864920697e-05,2.2524236383073783e-08,8.087248499660371e-10,0.1373136846763489,0.00026468749737128396,0.000752704308687126,0.002600539498411203,0.0003027461412441317,0.0011367516082207833,0.0,0.00838165474187901,0.0,3.112388500227985e-06,0.0001129214645825397,0.0030484157647807397,3.453512830934646e-05,0.0009030652795311243,0.0,0.008381662343989944,0.0,3.112388500227985e-06,0.0,0.0,0.0,8.498048898484186e-12,0.7165647371434488,0.265413618039082,0.017908723349518003,0.025190939479818375,0.0,0.0,1.908444773046554e+53,1.0650273930663442e+53,0.0,0.0,0.0,0.0,3831264.2152650515,0.0,0.0,0.0,0.0,0.0,0.0,5.5387208823474,0.51,0.044248376639387944,0.51,0.0,0.022917651,12.0
336.81178083106346,390.60525375526976,12.0,-1.3352210660682917,-0.31719276798863844,4.7872725667082685,3.5861151007542054,0.0,0.1373055659939477,0.29014973592149307,3656626.5351294484,8.825291465479149,4420278549633202.0,18.581175730265716,6.9489719809005415,1.9056762469923334,16.959279148651934,0.9998257190086683,-1.1179893861449282,0.6222455390902435,0.3591409888366916,0.017908723349518,0.0480907995861029,7.47028132720416e-05,4.465927470703638e-11,9.196099911033199e-06,0.0,0.0,-1.4162051836520056e-05,0.0,0.01809626434001601,4.007224932880694,0.3234232978536861,0.0007028192299226828,1.3788037937765722e-07,0.00033437735403001344,2.899679385875634e-10,0.0001022473008043177,3.754348770919136e-08,1.2924641818301587e-09,0.15007108150005471,0.00033437735403001344,0.0007047485825496644,0.002469534256816494,0.0003193842665937232,0.0012716763549659132,0.0,0.00838165099442706,0.0,3.1123885002279847e-06,0.00011027451956329657,0.0030484157647807397,3.453512830369124e-05,0.0009030652795311241,0.0,0.008381662343989946,0.0,3.1123885002279847e-06,0.0,0.0,0.0,1.6859148248603427e-11,0.7165673839173436,0.2654136182344985,0.017908723349518,0.025190837611849513,0.0,0.0,1.9966468570652872e+53,1.0706630842241952e+53,0.0,0.0,0.0,0.0,3713623.951532607,0.0,0.0,0.0,0.0,0.0,0.0,5.533112732947069,0.52,0.048174700985081934,0.52,0.0,0.022917651,12.0
340.0819759340242,391.2528006288099,12.0,-1.3052665540889947,-0.30871979734535554,4.7782447500008765,3.5893672434013126,0.0,0.1322175525566145,0.2988468932549731,3599391.0065814303,8.18711643332472,4063988722156688.5,18.859807609785513,6.953644296310915,1.9103308158355865,16.966900719795152,0.9998209512937261,-1.1270948253249133,0.6175020796321832,0.3639322861122183,0.017908723349518003,0.05203036309513385,9.087849730153642e-05,6.420795491126061e-11,1.2545956729239466e-05,0.0,0.0,-1.4961974113468444e-05,0.0,0.019527219627700536,4.326206876416363,0.348796093413929,0.0007587425349011625,1.451591883400099e-07,0.0004067748499593875,4.1688479947438586e-10,0.0001320093401009575,5.378369608331107e-08,1.7996595862556177e-09,0.1629508268452858,0.0004067748499593875,0.0006569108906969592,0.0023313607822477954,0.0003333590770382119,0.0014178325125503066,0.0,0.0083816469186311,0.0,3.112388500227985e-06,0.00010749672275898211,0.00304841576478074,3.453512829772067e-05,0.0009030652795311241,0.0,0.008381662343989944,0.0,3.112388500227985e-06,0.0,0.0,0.0,2.5060611258179376e-11,0.7165701615410454,0.2654136184299149,0.017908723349518003,0.02519073022040238,0.0,0.0,2.084901067027893e+53,1.0761897546670106e+53,0.0,0.0,0.0,0.0,3596037.759824629,0.0,0.0,0.0,0.0,0.0,0.0,5.527427026162746,0.5300000000000001,0.05213379027531012,0.53,0.0,0.022917651,12.0
343.50919544830924,391.8565109710045,12.0,-1.2751728328443297,-0.3002150250803266,4.7691533298725854,3.592638287575114,0.0,0.12713526018793156,0.3075680548564172,3542197.7126413076,7.551171657770975,3709421816761414.0,19.137181114718906,6.958368924653183,1.9152011249973453,16.974684329186037,0.9998161592210798,-1.1360583103996509,0.6124631645836054,0.3690189002609699,0.017908723349518,0.05600758528207668,0.00010776494129153864,8.513665764364881e-11,1.6036206030496266e-05,0.0,0.0,-1.5749337616545212e-05,0.0,0.020980805123865957,4.648017386884748,0.37437304126298737,0.0008153573443714993,1.5249543040570614e-07,0.0004823547431679442,5.527496578781987e-10,0.00016241757807933233,7.145894435720147e-08,2.3344238556731035e-09,0.17597437332615395,0.0004823547431679442,0.0006092119292839882,0.0021847621953089615,0.00034420358641213436,0.0015771893987855834,0.0,0.008381642456919225,0.0,3.1123885002279847e-06,0.00010456513059156228,0.0030484157647807392,3.453512829137945e-05,0.0009030652795311241,0.0,0.008381662343989946,0.0,3.1123885002279847e-06,0.0,0.0,0.0,3.3074447259493366e-11,0.716573092957785,0.26541361862533136,0.017908723349518,0.025190616336989193,0.0,0.0,2.1732165427077435e+53,1.0815882886809192e+53,0.0,0.0,0.0,0.0,3478515.1211406463,0.0,0.0,0.0,0.0,0.0,0.0,5.521650163067287,0.54,0.056131389521967404,0.54,0.0,0.022917651,12.0
347.11312965056294,392.2726328667498,12.0,-1.2449123065777445,-0.29167517673835897,4.759991757156724,3.5959334952381465,0.0,0.12205375746670484,0.3163193516406483,3485021.0262139086,6.918186140227236,3357115258747043.5,19.41355117767665,6.9631775965928115,1.9203805168037413,16.982726073584992,0.9998113289706978,-1.1448112550572485,0.6070925378640303,0.3744369115877243,0.017908723349518,0.06003185693653551,0.0001257259340747411,1.0830489618531981e-10,1.9696659798272545e-05,0.0,0.0,-1.6572104177176363e-05,0.0,0.02246582688078181,4.974253892351704,0.4002702947688473,0.0008730893889797307,1.5983903568621964e-07,0.0005627676156702098,7.031472027222112e-10,0.00019371513252961736,9.15712477804979e-08,2.912639350155057e-09,0.1891463188220689,0.0005627676156702098,0.00056182737688803,0.002028638797128075,0.0003499483422976561,0.0017531511178322692,0.0,0.008381637411226836,0.0,3.1123885002279847e-06,0.00010141723754559525,0.0030484157647807392,3.4535128284489694e-05,0.0009030652795311241,0.0,0.008381662343989944,0.0,3.1123885002279847e-06,0.0,0.0,0.0,4.090070119407486e-11,0.716576240598087,0.2654136188207479,0.017908723349518,0.02519049330764483,0.0,0.0,2.261533931219513e+53,1.0867565874661598e+53,0.0,0.0,0.0,0.0,3360959.881475506,0.0,0.0,0.0,0.0,0.0,0.0,5.515762333204999,0.5500000000000002,0.0601772822760332,0.55,0.0,0.022917651,12.0
350.93503271561923,392.59565572864506,12.0,-1.2144493821337368,-0.2830908306854937,4.75074118928765,3.5992570538748994,0.0,0.1169761503718937,0.32510690782142354,3427871.7135881777,6.288452786197546,3007314860552383.0,19.688473060388752,6.968075578779263,1.9259064531955097,16.991044807183112,0.9998064579300409,-1.1533275426189347,0.601312153397775,0.38026437122073076,0.017908723349518,0.06411244487599893,0.00014496158008999737,1.3423703715983188e-10,2.3554092923309064e-05,0.0,0.0,-1.7420908847792827e-05,0.0,0.023987616899237306,5.305449391018751,0.42652160624983704,0.0009320878221406465,1.6722165806579875e-07,0.0006489149428812299,8.714815121917675e-10,0.00022604023229199664,1.1471736898845594e-07,3.5441004447281293e-09,0.20250983035334022,0.0006489149428812299,0.0005147521674475204,0.0018618455122654315,0.0003501567740736043,0.0019475238498634763,0.0,0.008381631660507231,0.0,3.112388500227985e-06,9.804086227493779e-05,0.0030484157647807397,3.453512827704488e-05,0.0009030652795311241,0.0,0.008381662343989944,0.0,3.112388500227985e-06,0.0,0.0,0.0,4.850874506991877e-11,0.7165796166569821,0.26541361901616434,0.017908723349518,0.025190360646461164,0.0,0.0,2.3498896468243213e+53,1.09170145636599e+53,0.0,0.0,0.0,0.0,3243413.0371022066,0.0,0.0,0.0,0.0,0.0,0.0,5.509738402006078,0.56,0.06428096236977145,0.56,0.0,0.022917651,12.0
355.0291291231625,392.9278372987567,12.0,-1.1837413629142213,-0.27445015197252004,4.741377956775454,3.602613720050727,0.0,0.11190791244906116,0.33393741489576007,3370779.1743130707,5.6623847255628545,2660361537610161.0,19.96125806127353,6.973064714346382,1.93181219222494,16.99964850797267,0.9998015447026003,-1.1615880620210841,0.5950193978546718,0.38660394102188034,0.017908723349518003,0.06825979479465213,0.00016559070547473464,1.6315429189529597e-10,2.764626407310277e-05,0.0,0.0,-1.8264543878124507e-05,0.0,0.02555080830202446,5.641878949321855,0.45314416771451266,0.0009924118175508858,1.74698744147656e-07,0.0007413208670971782,1.059183227063398e-09,0.000259522535287454,1.4109944369706516e-07,4.23352589152183e-09,0.2161236345423147,0.0007413208670971782,0.0004679378135351481,0.0016820024123860207,0.00034469505158462465,0.0021632283639668303,0.0,0.008381625134603131,0.0,3.1123885002279847e-06,9.441725545627808e-05,0.0030484157647807392,3.453512826902395e-05,0.0009030652795311243,0.0,0.008381662343989944,0.0,3.1123885002279847e-06,0.0,0.0,0.0,5.583125843596478e-11,0.7165832399259627,0.2654136192115808,0.017908723349518003,0.02519021758296611,0.0,0.0,2.438346973389546e+53,1.0964395628258017e+53,0.0,0.0,0.0,0.0,3125958.5133026964,0.0,0.0,0.0,0.0,0.0,0.0,5.5035503837750905,0.5700000000000001,0.06845303258849345,0.5700000000000001,0.0,0.022917651,12.0
359.4578656122963,393.2712787727173,12.0,-1.152732019147515,-0.2657402167310706,4.731876212038741,3.6060110893145705,0.0,0.10685119317854651,0.34282072668013996,3313756.433360405,5.040822851852316,2316908467414993.5,20.23141593578369,6.9781659157504725,1.9381848684119585,17.008602553275878,0.9997965796098623,-1.169534134798663,0.5880967227940872,0.39357310957399494,0.017908723349518,0.07248922326070503,0.00018793300299526773,1.9574150675320403e-10,3.202702696815896e-05,0.0,0.0,-1.9101823246591417e-05,0.0,0.02716489941640675,5.984743367962308,0.48022315152844935,0.0010543654863955079,1.822919658438118e-07,0.0008414212389187712,1.2706956276216435e-09,0.0002944275276874201,1.714598660521928e-07,4.994213902562048e-09,0.23004515366152975,0.0008414212389187712,0.0004214441607627139,0.0014861156020982223,0.0003322623250714118,0.0024051586087507066,0.0,0.008381617655671303,0.0,3.112388500227985e-06,9.048969709846861e-05,0.0030484157647807392,3.453512826029469e-05,0.0009030652795311241,0.0,0.008381662343989944,0.0,3.112388500227985e-06,0.0,0.0,0.0,6.2802734733204e-11,0.7165871671200957,0.26541361940699726,0.017908723349518,0.02519006173065596,0.0,0.0,2.526929222554909e+53,1.1009234712983828e+53,0.0,0.0,0.0,0.0,3008617.4903113353,0.0,0.0,0.0,0.0,0.0,0.0,5.497160633579255,0.5800000000000001,0.07270918303046944,0.5800000000000001,0.0,0.022917651,12.0
364.2908890794342,394.5235216367458,12.0,-1.121322842520746,-0.2569403739645299,4.722194650609814,3.609463462286154,0.0,0.10181112389401184,0.35176911124366667,3256859.8369437666,4.425411108309057,1978158172792694.2,20.49810080305069,6.983440172033405,1.9452448621740628,17.018108522117334,0.999791540125709,-1.1769757975637483,0.5804133299650516,0.4013022301211808,0.017908723349518,0.07683081611880399,0.00021325629953946725,2.3580163174322165e-10,3.6751606988874413e-05,0.0,0.0,-1.999334217662519e-05,0.0,0.02886035835657571,6.337657060042323,0.5080376609604108,0.0011187191288044795,1.899690623658658e-07,0.0009546854099390178,1.5308956105633175e-09,0.00033130044905857735,2.1037847118580604e-07,5.892499826754922e-09,0.24431357395699255,0.0009546854099390178,0.0003757165093696855,0.0012751775761876058,0.0003102884703312723,0.0026749251851964496,0.0,0.008381608441623256,0.0,3.1123885002279847e-06,8.616289921819586e-05,0.0030484157647807392,3.453512825057281e-05,0.0009030652795311241,0.0,0.008381662343989944,0.0,3.1123885002279847e-06,0.0,0.0,0.0,6.949231585706827e-11,0.7165914936558605,0.2654136196024137,0.017908723349518,0.025189889129595553,0.0,0.0,2.615589684486337e+53,1.1077228970903914e+53,0.0,0.0,0.0,0.0,2891505.528527308,0.0,0.0,0.0,0.0,0.0,0.0,5.49049290516412,0.5900000000000001,0.07708082455052799,0.5900000000000001,0.0,0.022917651,12.0
369.6578985366585,396.2561730204837,12.0,-1.0894156282736853,-0.24802686984873054,4.7122857650613375,3.612983513492441,0.0,0.09679355240547162,0.360799300770461,3200127.4601998026,3.817329227387938,1645049091533645.0,20.760232269538875,6.988905020112306,1.9530929552723297,17.02821633332599,0.9997864143203935,-1.18386849336969,0.5717243492202837,0.4100363439433172,0.017908723349518,0.0813098840323263,0.00024186278256723638,2.837828266529645e-10,4.191664948628833e-05,0.0,0.0,-2.0895917492744853e-05,0.0,0.030649303895948925,6.701916291164851,0.5366700229297144,0.0011858328584977479,1.9780857528696745e-07,0.0010825390664550736,1.8426343143038131e-09,0.00037052154918017357,2.5822828254210296e-07,6.9389510755996834e-09,0.25905918756941687,0.0010825390664550736,0.0003305835940505677,0.001042994434098963,0.00027754936855464636,0.002981072730961153,0.0,0.00838159733410694,0.0,3.1123885002279847e-06,8.13703849552056e-05,0.0030484157647807392,3.45351282399439e-05,0.000903065279531124,0.0,0.008381662343989946,0.0,3.1123885002279847e-06,0.0,0.0,9.041338848451192e-34,7.57332019360159e-11,0.7165962859179004,0.2654136197978302,0.017908723349518,0.02518969681507509,0.0,0.0,2.704422964232852e+53,1.1163637442018214e+53,0.0,0.0,0.0,0.0,2774675.952010524,0.0,0.0,0.0,0.0,0.0,0.0,5.483484209515602,0.6000000000000001,0.08159366600950053,0.6000000000000001,0.0,0.022917651,12.0
373.01073051099934,397.3224865831492,12.0,-1.0588397131129395,-0.24065869694995445,4.70424409708545,3.6169434054524165,0.0,0.09387783610630786,0.3690307433631707,3169243.5669484045,3.5898743785663236,1539264920214416.0,20.875190414470666,6.994151087723086,1.9590783643423455,17.03722542775205,0.9997797126909388,-1.1926805977751915,0.5657426720093792,0.4160419694107684,0.017908723349518003,0.08919313894462089,0.00032710441798123376,8.414557833303892e-10,5.535637163018056e-05,0.0,0.0,-2.271506542793047e-05,0.0,0.034093299431879276,7.361865702046098,0.5875987648754105,0.0013019064418811246,2.085449505283485e-07,0.001463958575900689,5.46348253930971e-09,0.0004685220455556168,8.396404988055416e-07,1.6673341131045525e-08,0.28473664193292825,0.001463958575900689,0.00030663544789478244,0.0008788858213244138,0.00023503201160854573,0.0032183615012801123,0.0,0.008381550707664318,0.0,3.1123885002279847e-06,8.109473730927085e-05,0.0030484157647807392,3.45351282399439e-05,0.0009030652795311241,0.0,0.008381662343989944,0.0,3.1123885002279847e-06,0.0,0.0,5.459473267170042e-20,8.150201358971486e-11,0.716596561796881,0.26541361959783016,0.017908723349518003,0.025189684810009667,0.0,0.0,2.8027373588722133e+53,1.1210252652176794e+53,0.0,0.0,0.0,0.0,2703510.849824415,0.0,0.0,0.0,0.0,0.0,0.0,5.46803529428517,0.6100000000000001,0.08957560300661585,0.6100000000000001,0.0,0.022917651,12.0
376.5833215769133,397.17716705274,12.0,-1.0280340640842731,-0.2332471124762027,4.696115607925132,3.620939024619427,0.0,0.09096973990815954,0.37729934954851935,3138471.901557607,3.3638042667165045,1434316085175263.0,20.98725436641149,6.99950187773417,1.9654908300434621,17.04658285956181,0.9997729581476007,-1.2011456865874375,0.5593436239168937,0.422464522518618,0.017908723349518003,0.0971997417620824,0.0004194132651249884,1.4770360173940063e-09,6.845836356770682e-05,0.0,0.0,-2.4530802904946604e-05,0.0,0.03766022806619627,8.03427949818938,0.6393236146050283,0.0014207792978207445,2.1930863254437038e-07,0.0018771266590364515,9.589733378908467e-09,0.0005641430384616884,1.4955023773224775e-06,2.748625559913289e-08,0.31081522941751033,0.0018771266590364515,0.0002831304025019899,0.0007272881854726947,0.000194917488405768,0.0034384725978851595,0.0,0.008381497073282201,0.0,3.1123885002279847e-06,8.080093602036812e-05,0.0030484157647807397,3.45351282399439e-05,0.0009030652795311241,0.0,0.008381662343989944,0.0,3.1123885002279847e-06,0.0,0.0,8.491725315066566e-20,8.747687965177197e-11,0.7165968558602053,0.2654136193978302,0.017908723349518003,0.025189672048632535,0.0,0.0,2.9010756521437225e+53,1.123332899106104e+53,0.0,0.0,0.0,0.0,2632342.34145988,0.0,0.0,0.0,0.0,0.0,0.0,5.4523204991622345,0.6200000000000001,0.09768761572320671,0.6200000000000001,0.0,0.022917651,12.0
380.42274856519407,397.23044804515234,12.0,-0.9970050343718894,-0.22578692408432788,4.687889910617818,3.624966187199606,0.0,0.08806987673709778,0.3856096367384477,3107775.809965251,3.1388916452502293,1330051986856618.8,21.096879621903128,7.004942350575181,1.972290631978184,17.05622962762215,0.9997661487600557,-1.2093312225150135,0.5524382657951546,0.429393232705165,0.017908723349518003,0.10533572664466492,0.0005188715152246986,2.199310348621068e-09,8.119177688928067e-05,0.0,0.0,-2.6377989033942345e-05,0.0,0.041355102463567946,8.718969587183345,0.6918368248424166,0.0015423911821237995,2.3016946788109754e-07,0.002322306885425271,1.4278541404531234e-08,0.000656849032022882,2.233100792610979e-06,3.948837830447804e-08,0.33733728153637993,0.002322306885425271,0.00025977833280413566,0.0005831905024685022,0.00015673589729419857,0.0036477586187824416,0.0,0.008381436023902887,0.0,3.112388500227985e-06,8.049078563182992e-05,0.00304841576478074,3.45351282399439e-05,0.0009030652795311241,0.0,0.008381662343989946,0.0,3.112388500227985e-06,0.0,0.0,8.690781483273357e-20,9.356461319908465e-11,0.7165971663314202,0.2654136191978302,0.017908723349518003,0.025189658568655147,0.0,0.0,2.9995071896052446e+53,1.126322927274616e+53,0.0,0.0,0.0,0.0,2561251.649737243,0.0,0.0,0.0,0.0,0.0,0.0,5.436333126796736,0.6300000000000001,0.10593579152770413,0.6300000000000001,0.0,0.022917651,12.0
384.5964077856348,398.4863749280114,12.0,-0.9656788539412248,-0.2182615672067638,4.679533879601856,3.6290350531133626,0.0,0.08517896417313717,0.39397763854652607,3077158.9967277814,2.9155136304358,1226663697910898.2,21.203741177365938,7.010508835163026,1.9796311726847913,17.06629338764888,0.999759268258867,-1.2170989352855404,0.5448986300142961,0.43695586156283533,0.017908723349518003,0.11364507887277067,0.000628708350547814,3.0509870535592315e-09,9.348604151616227e-05,0.0,0.0,-2.829559284047185e-05,0.0,0.045233690074150346,9.42037831255842,0.7454075539499423,0.0016679541280057537,2.41088298690006e-07,0.0028142897275393397,1.9808125347300497e-08,0.0007462978617861145,3.091139284710384e-06,5.327377629210339e-08,0.364422101429468,0.0028142897275393397,0.00023678525382611265,0.0004501189510628467,0.00012133798499622543,0.003841192778650041,0.0,0.008381363806971222,0.0,3.112388500227985e-06,8.01657945116319e-05,0.0030484157647807397,3.453512823994389e-05,0.000903065279531124,0.0,0.008381662343989944,0.0,3.112388500227985e-06,0.0,0.0,6.942081229940873e-20,9.98383219227013e-11,0.7165974915439303,0.26541361899783017,0.017908723349518003,0.025189645177245944,0.0,0.0,3.098052207266566e+53,1.1314459455348249e+53,0.0,0.0,0.0,0.0,2490256.29490857,0.0,0.0,0.0,0.0,0.0,0.0,5.419986720366501,0.6400000000000001,0.11436726506532242,0.6400000000000001,0.0,0.022917651,12.0
389.17692940532834,398.8761010062602,12.0,-0.9339705179641559,-0.21065032385047147,4.671006068913371,3.633156517808987,0.0,0.0822897514185836,0.4024320594079989,3046481.3207224687,2.6936613834085352,1124141963875719.1,21.307885981976835,7.016240629525688,1.9876748689474062,17.07690899245215,0.9997522990469407,-1.2243069251573862,0.5365866341644551,0.4452903488863083,0.017908723349518,0.12217414373878178,0.0007528085886260289,4.092060071049765e-09,0.0001053412625695306,0.0,0.0,-3.0317477207243517e-05,0.0,0.0493573970240089,10.143539161039255,0.8004528969240102,0.0017988312020477226,2.5218688939654904e-07,0.0033694630120060395,2.6567033893613608e-08,0.0008322996927936737,4.118329767712685e-06,6.960509814683291e-08,0.39224350650938256,0.0033695762953686735,0.0002142934518509042,0.0003326657094413794,8.98472171397352e-05,0.004012211766588852,0.0,0.008381275726124621,0.0,3.1123885002279847e-06,7.981754164462857e-05,0.0030484157647807397,3.45351282399439e-05,0.0009030652795311243,0.0,0.008381662343989946,0.0,3.1123885002279847e-06,0.0,0.0,5.253108292454484e-20,1.0632125469854773e-10,0.7165978400216533,0.2654136187978302,0.017908723349518,0.025189630992471467,0.0,0.0,3.1967521910075766e+53,1.138759872606326e+53,0.0,0.0,0.0,0.0,2419108.9784711995,0.0,0.0,0.0,0.0,0.0,0.0,5.403186265531321,0.6500000000000001,0.12303229855621657,0.6500000000000001,0.0,0.022917651,12.0
394.1988056603905,398.79706422551413,12.0,-0.9018467059646939,-0.20295245723948596,4.662305015655306,3.6373385358615544,0.0,0.07942527536529412,0.4109459778548143,3016075.3915726454,2.4742152592567805,1023093811904711.0,21.405802550093902,7.022148428719922,1.9964705558055482,17.088111698021745,0.999745235769701,-1.2309183364022185,0.5274367366822237,0.4544622943774631,0.017908723349518,0.13094197050031814,0.0008930865371603715,5.362429429189528e-09,0.00011681194401055623,0.0,0.0,-3.233638722994081e-05,0.0,0.05376258147533156,10.89207835490779,0.8571135510531417,0.001935005181746999,2.633844897691635e-07,0.003997274386379733,3.4813885482646947e-08,0.0009150468046940537,5.34285921026312e-06,8.897786357292985e-08,0.42087659755872886,0.003997396928090453,0.0001922454758606015,0.00023126387253560388,6.249809163599215e-05,0.004160059999407334,0.0,0.008381169228259107,0.0,3.1123885002279847e-06,7.943687396936745e-05,0.0030484157647807392,3.453512823994389e-05,0.0009030652795311241,0.0,0.008381662343989944,0.0,3.1123885002279847e-06,0.0,0.0,3.7191361695115413e-20,1.1301683213784842e-10,0.7165982212698294,0.26541361859783014,0.017908723349518,0.025189615214696398,0.0,0.0,3.2956091947974967e+53,1.1345787833183073e+53,0.0,0.0,0.0,0.0,2348296.7205485906,0.0,0.0,0.0,0.0,0.0,0.0,5.385886048962298,0.6600000000000001,0.13195187749071646,0.6600000000000001,0.0,0.022917651,12.0
399.7364566450764,399.67462708022964,12.0,-0.8692256783414238,-0.19515269646147648,4.653400173923224,3.64159391543529,0.0,0.07658650076928282,0.41953861030257417,2986018.5938538746,2.2574230890208935,923574508664009.8,21.49662659228268,7.028265967323154,2.0061592028372,17.10001490918203,0.9997380614870766,-1.2368172653207692,0.5173079664336248,0.4646126100879271,0.017908723349518,0.13999639414165246,0.0010540165202412397,6.945536787264818e-09,0.00012793632763069646,0.0,0.0,-3.4395755826045934e-05,0.0,0.058527023360395,11.66733452948885,0.9155392786453983,0.0020776244782803235,2.7476862686566657e-07,0.004717625206000014,4.5093220527279376e-08,0.0009949831121478223,6.828200827703468e-06,1.1237055592253704e-07,0.45042858810811076,0.004717625206000014,0.00017070016846780964,0.00014717021237762944,3.972105658163436e-05,0.004282812831927305,0.0,0.008381038430669488,0.0,3.112388500227985e-06,7.901886022390633e-05,0.0030484157647807397,3.4535128239943906e-05,0.0009030652795311241,0.0,0.008381662343989946,0.0,3.112388500227985e-06,0.0,0.0,2.511204406675513e-20,1.1994028677305692e-10,0.7165986393251854,0.2654136183978302,0.017908723349518,0.025189597494855505,0.0,0.0,3.3946242650299675e+53,1.1420009271799649e+53,0.0,0.0,0.0,0.0,2277756.020857459,0.0,0.0,0.0,0.0,0.0,0.0,5.367991977213206,0.6700000000000002,0.14117835115202684,0.6700000000000002,0.0,0.022917651,12.0
405.8910046304987,401.72035793260494,12.0,-0.8360069429386477,-0.18722422022720958,4.644237895497716,3.6459343590155417,0.0,0.07376270854575119,0.42824369150421615,2956018.35016422,2.043156393155229,825563660794256.9,21.58125176939722,7.034639089503726,2.0169425603509277,17.11278126321664,0.9997307573576201,-1.241822509478134,0.5060085752677359,0.47593296087046927,0.017908723349518,0.1493991985765316,0.00124224989711345,8.974170763775982e-09,0.00013876720894309314,0.0,0.0,-3.657486481271455e-05,0.0,0.06374616502719618,12.486574108718457,0.9760992902940908,0.0022283196232719565,2.8628499770909153e-07,0.005560589128404537,5.826428119826594e-08,0.0010728793991793253,8.669747502925746e-06,1.4148048725006148e-07,0.481105284569594,0.005560589128404537,0.00014973986419839733,8.160749276802382e-05,2.1912018389017024e-05,0.004378625359104612,0.0,0.008380874174655498,0.0,3.112388500227985e-06,7.856153415658234e-05,0.0030484157647807397,3.45351282399439e-05,0.000903065279531124,0.0,0.008381662343989946,0.0,3.112388500227985e-06,0.0,0.0,1.5666953486917064e-20,1.2706430449995308e-10,0.7165990968570051,0.2654136181978302,0.017908723349518,0.02518957764067,0.0,0.0,3.4938917507197104e+53,1.1485395106859904e+53,0.0,0.0,0.0,0.0,2207167.5941337054,0.0,0.0,0.0,0.0,0.0,0.0,5.349390717682895,0.6800000000000002,0.1507802398993095,0.6800000000000002,0.0,0.022917651,12.0
412.7806348916372,401.6625100577088,12.0,-0.8020535083478116,-0.17913829854491356,4.634760735600645,3.6503797552471333,0.0,0.07096409988631738,0.43708379777195694,2926295.0349745033,1.8323018741261985,729562662548673.1,21.657500394638387,7.0413243879821295,2.0290593074333385,17.126604667668992,0.9997232973301214,-1.2457290485759405,0.49331469216663354,0.48864713298687806,0.017908723349518003,0.1592322764077489,0.0014669841190923388,1.1650052556592568e-08,0.00014941059856314934,0.0,0.0,-3.891361428472827e-05,0.0,0.06958490210702982,13.34784114790643,1.0391780135108606,0.0023899248529170437,2.9802322474421264e-07,0.006566361143795345,7.563824908368885e-08,0.0011488481605230608,1.101649973207868e-05,1.7874002411823117e-07,0.5131994888993785,0.006566361143795345,0.00012945169996897898,3.477071644236364e-05,9.167526941650787e-06,0.004447177723582489,0.0,0.00838066317935608,0.0,3.1123885002279847e-06,7.805632658326286e-05,0.0030484157647807392,3.453512823994389e-05,0.0009030652795311243,0.0,0.008381662343989944,0.0,3.1123885002279847e-06,0.0,0.0,9.007746243334668e-21,1.3444598561846791e-10,0.7165996022191821,0.26541361799783014,0.017908723349518003,0.025189555320299543,0.0,0.0,3.593490564855681e+53,1.1580241762062805e+53,0.0,0.0,0.0,0.0,2136801.579447567,0.0,0.0,0.0,0.0,0.0,0.0,5.329930038780657,0.6900000000000002,0.16084868603842908,0.6900000000000002,0.0,0.022917651,12.0
420.5460045884795,401.0480479009243,12.0,-0.7672159231501164,-0.17085371827213525,4.624886254415867,3.6549468658827964,0.0,0.06819675183979766,0.4460901050849838,2896836.738136372,1.625117260996675,635747010807836.2,21.72338363448621,7.048390865798007,2.0428113091497986,17.14173210588982,0.9997156566028111,-1.2482589299893976,0.4789599280861624,0.5030214177298394,0.017908723349517996,0.16959098576021192,0.0017410693150166768,1.528540614781793e-08,0.00016002639115759925,0.0,0.0,-4.146222326230054e-05,0.0,0.07624631139966126,14.26583716968927,1.106197644835447,0.0025642742515338225,3.1000527023575294e-07,0.00779288920604136,9.923910769957782e-08,0.001224263249165859,1.4073669871735681e-05,2.2771702653820546e-07,0.5469943513365902,0.00779288920604136,0.00010993029091745434,5.7148817553508115e-06,1.2523633645095722e-06,0.004489843055897421,0.0,0.008380385653633115,0.0,3.1123885002279847e-06,7.749844888609707e-05,0.0030484157647807397,3.453512823994389e-05,0.0009030652795311241,0.0,0.008381662343989944,0.0,3.1123885002279847e-06,0.0,0.0,4.842620622214651e-21,1.4207718248413263e-10,0.7166001602453841,0.26541361779783024,0.017908723349517996,0.02518953023724702,0.0,0.0,3.693546967389671e+53,1.1567126421884385e+53,0.0,0.0,0.0,0.0,2066689.2551003487,0.0,0.0,0.0,0.0,0.0,0.0,5.309443120840934,0.7000000000000002,0.1714920734784507,0.7000000000000002,0.0,0.022917651,12.0
426.0292877013271,403.1376619957027,12.0,-0.7366159687496805,-0.16464145413448536,4.618260917509876,3.6594907187661008,0.0,0.06649201818734872,0.45385991376107765,2879632.444769234,1.5369460974184375,599063998960625.2,21.66712674920461,7.054337275201843,2.052005109262645,17.15326639407866,0.9997065866338055,-1.2540754444336422,0.46998825995652066,0.5120031075432924,0.017908723349518,0.18511047365042574,0.00232113518119696,3.962776383537992e-08,0.0001805739486344417,0.0,0.0,-4.560250796176389e-05,0.0,0.08922168335892613,15.712790934555063,1.2072477238658421,0.002812332211214417,3.2484305017229e-07,0.010389146846878023,2.5728231992595723e-07,0.0013618416282388831,2.8908310004987143e-05,5.003997060606323e-07,0.5970538670495358,0.010389146846878023,9.990872825703244e-05,5.718241323849879e-06,1.2426882745012108e-06,0.004490566008132822,0.0,0.008379566849868242,0.0,3.112388500227985e-06,7.744460221009125e-05,0.0030484157647807397,3.45351282399439e-05,0.0009030652795311241,0.0,0.008381662343989946,0.0,3.112388500227985e-06,0.0,0.0,1.984413218562219e-12,1.4303920342615564e-10,0.7166002148506493,0.2654136171978302,0.017908723349518,0.025189527730310652,0.0,0.0,3.7968760194189906e+53,1.1631273823299866e+53,0.0,0.0,0.0,0.0,2018916.434984768,0.0,0.0,0.0,0.0,0.0,0.0,5.289611808114774,0.7100000000000003,0.1876122200290683,0.7100000000000002,0.0,0.022917651,12.0
431.91001005412625,404.925016886428,12.0,-0.7056182753144724,-0.1583285061576868,4.6114342208599695,3.664083670599545,0.0,0.06479046968321418,0.4617317133328411,2862388.6628983966,1.4492381565359609,562622710433026.94,21.606859132180862,7.060465125814095,2.0619568341172183,17.165406616970223,0.9996973855738899,-1.2592774105828144,0.46026221303291825,0.5217389342767601,0.017908723349518,0.20102987829679517,0.0029798842318520683,7.000761074129133e-08,0.00020176901659623925,0.0,0.0,-5.011940736293739e-05,0.0,0.1036788300330306,17.224452598532018,1.3115763574796848,0.0030709276599486914,3.398656334388563e-07,0.013337935938384683,4.545102034916918e-07,0.0015004461231206915,4.66174523226942e-05,8.308394636676062e-07,0.6484116428107547,0.01333903137887769,9.012930364861872e-05,5.8236569252431876e-06,1.260185984833737e-06,0.0044912982241968194,0.0,0.00837856794379959,0.0,3.112388500227985e-06,7.73869615016634e-05,0.0030484157647807392,3.453512823994389e-05,0.0009030652795311241,0.0,0.008381662343989944,0.0,3.112388500227985e-06,0.0,0.0,3.743596796401948e-12,1.4400060211686528e-10,0.7166002733761123,0.26541361659783014,0.017908723349518,0.025189524969692356,0.0,0.0,3.900527947783225e+53,1.168316557096695e+53,0.0,0.0,0.0,0.0,1971040.4961949033,0.0,0.0,0.0,0.0,0.0,0.0,5.269635511135948,0.7200000000000002,0.20421159837718575,0.7200000000000002,0.0,0.022917651,12.0
438.24818352346114,405.8401104273445,12.0,-0.6741697643957357,-0.15188951284027297,4.604355425235026,3.668726301045079,0.0,0.06308244379906196,0.4697418539334542,2844881.8223188533,1.3616008541535536,526254268362390.56,21.543018400296766,7.06680396227212,2.072797496927119,17.178258102083184,0.999688037858683,-1.263745124063288,0.4496675639027347,0.5323430911909888,0.017908723349518,0.21741068816427114,0.003738497046190608,1.0870941632578873e-07,0.00022393061833260672,0.0,0.0,-5.496866158461234e-05,0.0,0.12005668463878168,18.80667140112615,1.4185590231488956,0.003341609068059626,3.5491877794866564e-07,0.016732319510057436,7.058122084621139e-07,0.0016413812714441678,6.818284311197908e-05,1.239624833904028e-06,0.7012132228043128,0.016733887785770188,8.062128416779735e-05,5.989400249352832e-06,1.2934532186285295e-06,0.004492152924688424,0.0,0.008377329205872532,0.0,3.1123885002279847e-06,7.73254012831738e-05,0.003048415764780739,3.453512823994389e-05,0.0009030652795311241,0.0,0.008381662343989944,0.0,3.1123885002279847e-06,0.0,0.0,5.2928134199102106e-12,1.4496219425300195e-10,0.7166003354028853,0.26541361599783014,0.017908723349518,0.025189521947478824,0.0,0.0,4.004669250571567e+53,1.173682520755258e+53,0.0,0.0,0.0,0.0,1923069.7992769417,0.0,0.0,0.0,0.0,0.0,0.0,5.249515426860067,0.7300000000000002,0.221373245752531,0.7300000000000002,0.0,0.022917651,12.0
445.11430038741867,405.6595450825864,12.0,-0.6421830875569817,-0.14530356992669533,4.596982733465246,3.6734299994870776,0.0,0.06137146061239352,0.4779090650411584,2827190.4458810044,1.2742547657934327,490060561444431.06,21.474181939903545,7.073392468349666,2.0846856595407806,17.191951597692043,0.9996785180259571,-1.267361675362078,0.43806997542835036,0.5439498911405137,0.017908723349518,0.23433582034797856,0.00462551589250705,1.591063470029263e-07,0.000247526405592238,0.0,0.0,-6.007002209605754e-05,0.0,0.1389556298246201,20.478950551280295,1.529225126225572,0.0036268888551038866,3.701511491151641e-07,0.02070405498700955,1.0330538558556434e-06,0.0017866231614768505,9.502380665074093e-05,1.7567153693534628e-06,0.7555435554598414,0.020706272518200293,7.140988041237893e-05,6.190088834532893e-06,1.3354895345777395e-06,0.004493242240452909,0.0,0.00837576495516106,0.0,3.1123885002279847e-06,7.725920170887097e-05,0.0030484157647807392,3.453512823994389e-05,0.0009030652795311241,0.0,0.008381662343989946,0.0,3.1123885002279847e-06,0.0,0.0,6.6263315184491716e-12,1.4592544986420158e-10,0.7166004021291624,0.26541361539783015,0.017908723349518,0.025189518710037575,0.0,0.0,4.109386823692952e+53,1.1734222345569577e+53,0.0,0.0,0.0,0.0,1875028.5718370946,0.0,0.0,0.0,0.0,0.0,0.0,5.2292273182236375,0.7400000000000002,0.23920904001094376,0.7400000000000002,0.0,0.022917651,12.0
452.5944649817694,406.35231127282003,12.0,-0.6095631228816129,-0.1385434307691711,4.589261651517449,3.678204920036296,0.0,0.059666390870776416,0.48625004342567846,2809337.8728721905,1.1874539287751522,454174634191806.1,21.398520221344807,7.080278415053174,2.097821442615167,17.206652322147583,0.9996687968034399,-1.2699295865752662,0.4253052152387519,0.5567235363208738,0.017908723349518003,0.2519021471084386,0.005680692881528306,2.2637556527184143e-07,0.0002732396377570115,0.0,0.0,-6.537403942859899e-05,0.0,0.16127156470548065,22.266808278901685,1.6443344199826777,0.003929972826094997,3.8553943577118635e-07,0.02542793075004827,1.4697780152449705e-06,0.001937853596985416,0.00012921128174695292,2.4282630446246117e-06,0.8119747078723665,0.0254286055969842,6.252497370966512e-05,6.413954399401256e-06,1.382950381662738e-06,0.004494694652233256,0.0,0.00837374815147107,0.0,3.1123885002279847e-06,7.718664495259738e-05,0.0030484157647807392,3.45351282399439e-05,0.0009030652795311241,0.0,0.008381662343989944,0.0,3.1123885002279847e-06,0.0,0.0,7.729536371622825e-12,1.4689348912361993e-10,0.716600475229822,0.2654136147978302,0.017908723349518003,0.025189515087737445,0.0,0.0,4.2148263107090485e+53,1.1819450058128366e+53,0.0,0.0,0.0,0.0,1827104.077337822,0.0,0.0,0.0,0.0,0.0,0.0,5.208754996161596,0.7500000000000002,0.25785631104503404,0.7500000000000002,0.0,0.022917651,12.0
460.8124932484811,407.7439739976239,12.0,-0.5761658118235851,-0.13157619383520702,4.5811263719816395,3.683070628412731,0.0,0.05796290184690697,0.4948201959892994,2791220.9576165886,1.1011909264871493,418604063016922.3,21.314430044033234,7.087530042844948,2.112489286793078,17.222594021775777,0.999658832746768,-1.2711937217269527,0.41113688304708773,0.5709003911786568,0.017908723349518,0.27024993805614395,0.0069653554662668215,3.192591317081747e-07,0.000302162776877032,0.0,0.0,-7.108463241427198e-05,0.0,0.188399027846365,24.20312727861054,1.765099339737725,0.004255085954889431,4.01022397322809e-07,0.03117860972036079,2.072656366813984e-06,0.0021001995366505995,0.00017420100193070133,3.32997491058088e-06,0.8704271702265266,0.031178615411949842,5.400262526849129e-05,6.658230957152327e-06,1.4348656997959378e-06,0.004496695522421601,0.0,0.008371071840300452,0.0,3.1123885002279847e-06,7.710874152271779e-05,0.0030484157647807397,3.453512823994389e-05,0.0009030652795311241,0.0,0.008381662343989944,0.0,3.1123885002279847e-06,0.0,0.0,8.581799119414746e-12,1.478630712797516e-10,0.7166005538914607,0.26541361419783016,0.017908723349518,0.02518951115842947,0.0,0.0,4.321218604093404e+53,1.1920580056714793e+53,0.0,0.0,0.0,0.0,1778966.5424057865,0.0,0.0,0.0,0.0,0.0,0.0,5.188063249729117,0.7600000000000002,0.27751777300685726,0.7600000000000002,0.0,0.022917651,12.0
469.88549538300725,406.7588034935672,12.0,-0.5418687543735727,-0.12433078108332139,4.572434738887704,3.688022187884387,0.0,0.056251705618887524,0.5036895098033384,2772564.139351245,1.0151764418963347,383207982969319.2,21.223701951099724,7.095218892598279,2.1289962019516233,17.240030821035628,0.999648589211532,-1.2708653487725319,0.39534075146444697,0.586704646666152,0.017908723349518,0.28950517122927855,0.008559403615746336,4.5105942226251545e-07,0.00033587625386446323,0.0,0.0,-7.764996665669295e-05,0.0,0.2223056239184642,26.33119185105009,1.8922810619539292,0.004606840948824611,4.166921990211936e-07,0.038310011463333876,2.9284342881458913e-06,0.002278137723517934,0.0002350992525452158,4.575969302816954e-06,0.9317702917953257,0.03831298395321141,4.5878626289430985e-05,6.9248212801488596e-06,1.4915017027224476e-06,0.004499506720252015,0.0,0.00836743388567142,0.0,3.112388500227985e-06,7.702382935409226e-05,0.0030484157647807397,3.45351282399439e-05,0.0009030652795311241,0.0,0.008381662343989946,0.0,3.112388500227985e-06,0.0,0.0,9.237084681068431e-12,1.4883465439318322e-10,0.7166006393670245,0.26541361359783017,0.017908723349518,0.025189506795097454,0.0,0.0,4.428997177590602e+53,1.1905439201016637e+53,0.0,0.0,0.0,0.0,1730810.3280228626,0.0,0.0,0.0,0.0,0.0,0.0,5.167166432809317,0.7700000000000004,0.29840088121353026,0.7700000000000002,0.0,0.022917651,12.0
479.9437251733019,408.89892290576205,12.0,-0.5065073810944853,-0.11674777556617781,4.563067925532085,3.693071026707492,0.0,0.05454019712957898,0.5129115706998532,2753396.664593991,0.9295619933298283,348064459403258.3,21.123570555786298,7.103434331258011,2.147719377898592,17.25927811300043,0.9996380204385887,-1.2685931674333444,0.3776665957947451,0.6043864920560434,0.017908723349518,0.3098168373891886,0.010576676758718642,6.435345883423611e-07,0.00037688882869660995,0.0,0.0,-8.465690218891063e-05,0.0,0.265975714864658,28.705635899028774,2.0270084441004523,0.00499157069540719,4.323849505414464e-07,0.047341106512615395,4.178134406441828e-06,0.0024812418521866436,0.00031984886738737445,6.353059558295636e-06,0.9961361332930749,0.047343797009646985,3.8188620156661444e-05,7.218713997103595e-06,1.5538754389691968e-06,0.004503535825700057,0.0,0.00836236056844289,0.0,3.112388500227985e-06,7.693056708964262e-05,0.0030484157647807397,3.45351282399439e-05,0.0009030652795311241,0.0,0.008381662343989946,0.0,3.112388500227985e-06,0.0,0.0,9.704359464457244e-12,1.4981445771786376e-10,0.7166007335635419,0.26541361299783023,0.017908723349518,0.025189501983828654,0.0,0.0,4.538564457752391e+53,1.2020503115973114e+53,0.0,0.0,0.0,0.0,1682783.3064636905,0.0,0.0,0.0,0.0,0.0,0.0,5.1460586784745885,0.7800000000000004,0.3207710366242968,0.7800000000000002,0.0,0.022917651,12.0
491.16900249796447,408.52275790563533,12.0,-0.4698444440180842,-0.10875527042266595,4.552882111653758,3.6982405064236534,0.0,0.05282350212020098,0.5225919643009699,2733482.031595685,0.8443180648054283,313177363485711.8,21.01364575199143,7.112300554739638,2.1691733246673346,17.280772066413988,0.999627062893527,-1.2638907461442737,0.35776462583517127,0.6242956751911479,0.017908723349518003,0.33138972069810674,0.013194953796545224,9.353630005754673e-07,0.0004294312004591538,0.0,0.0,-9.278210506777195e-05,0.0,0.32442947840091957,31.410569046156816,2.1709619701427316,0.005417509470962731,4.482158991226923e-07,0.059060771511242484,6.072434919474819e-06,0.002724884959208142,0.00044250341507699704,8.99035315603047e-06,1.0639970282775244,0.05906364287791893,3.0975637573628855e-05,7.547976790665972e-06,1.6236821039438628e-06,0.0045094860462863914,0.0,0.008355035386572925,0.0,3.1123885002279847e-06,7.682912023788202e-05,0.0030484157647807397,3.45351282399439e-05,0.0009030652795311243,0.0,0.008381662343989946,0.0,3.1123885002279847e-06,0.0,0.0,9.956352267686936e-12,1.5079943834215683e-10,0.7166008351315429,0.2654136123978302,0.017908723349518003,0.025189496650590386,0.0,0.0,4.650599474553814e+53,1.2173067294127784e+53,0.0,0.0,0.0,0.0,1634609.4711068629,0.0,0.0,0.0,0.0,0.0,0.0,5.124715670265214,0.7900000000000003,0.34501504077024053,0.7900000000000003,0.0,0.022917651,12.0
503.74887190926574,409.95274030367864,12.0,-0.4316362476417103,-0.10022254047564706,4.541615842805654,3.7035261923173732,0.0,0.05110519229897775,0.5328478352920002,2712613.987513443,0.7593380632108253,278518467281557.06,20.891981634418947,7.121966701311611,2.1939748259678566,17.305055352731483,0.9996156561265138,-1.2561248374650782,0.33527131163660445,0.646795679438107,0.017908723349517996,0.3544048773377983,0.016676833697728207,1.3949503636668197e-06,0.0005007531708520189,0.0,0.0,-0.00010228009863994893,0.0,0.4059540603495842,34.57319198130511,2.326012721706937,0.005893819553778262,4.6402889009942854e-07,0.07464053677357403,9.056337615779105e-06,0.003032990156498431,0.0006270667513990514,1.307077841759037e-05,1.1357379524440463,0.07465045710136896,2.428560968449979e-05,7.923671270540237e-06,1.703253800933877e-06,0.0045185596792737025,0.0,0.008344066657723378,0.0,3.1123885002279847e-06,7.671787652117647e-05,0.0030484157647807397,3.453512823994389e-05,0.0009030652795311241,0.0,0.008381662343989944,0.0,3.1123885002279847e-06,0.0,0.0,1.006225353734025e-11,1.5179276998460075e-10,0.7166009477261752,0.26541361179783024,0.017908723349517996,0.02518949076970502,0.0,0.0,4.766157527386387e+53,1.221049608877666e+53,0.0,0.0,0.0,0.0,1586675.6962756596,0.0,0.0,0.0,0.0,0.0,0.0,5.103143075375847,0.8000000000000003,0.37158387457425396,0.8000000000000003,0.0,0.022917651,12.0
511.1507517950128,410.84321550456093,12.0,-0.40067594831784636,-0.09279527652257327,4.531876571248158,3.707552635942818,0.0,0.04942731636714996,0.5436755790131603,2684440.8264071825,0.7081562555366958,258234264857521.5,20.86051478106521,7.129343122477336,2.209907134361769,17.32177580081195,0.9996029450303731,-1.2554218032578286,0.3210054045559508,0.6610650467835153,0.017908723349518003,0.3824512710214624,0.021873209542849135,3.092082348043678e-06,0.000678803459448296,0.0,0.0,-0.00011604683015595593,0.0,0.6016031876646875,38.99101713262284,2.5181014018837047,0.006432000448544211,4.814238111212701e-07,0.0978966217800038,2.0074213704057134e-05,0.0037233052343558504,0.001155798239696582,2.611374388412144e-05,1.2213359948691267,0.09791586734461816,2.0825159603627625e-05,8.265716777453729e-06,1.7755549541036138e-06,0.004537794692918597,0.0,0.008321538739783375,0.0,3.1123885002279855e-06,7.669637802607712e-05,0.0030484157647807397,3.45351282399439e-05,0.0009030652795311241,0.0,0.008381662343989944,0.0,3.1123885002279855e-06,0.0,0.0,1.4303131659325772e-10,1.522463653051234e-10,0.716600967762635,0.26541361279783016,0.017908723349518003,0.025189489690618325,0.0,0.0,4.888305623256747e+53,1.2218396261756337e+53,0.0,0.0,0.0,0.0,1548504.1938660485,0.0,0.0,0.0,0.0,0.0,0.0,5.0918641125306685,0.8100000000000004,0.4050063653984223,0.8100000000000003,0.0,0.022917651,12.0
519.2140465434477,412.2876613676971,12.0,-0.3690294259252848,-0.08505363641421437,4.5215085410247715,3.7115934464196214,0.0,0.04773843352037458,0.5549524569521886,2655111.3271126836,0.6570915611879888,238040815835162.16,20.825746255061762,7.137105435784518,2.2274397694557515,17.339800609484442,0.9995898819508403,-1.2532961543992986,0.30546081894648347,0.6766129124517274,0.017908723349518,0.41112527462462106,0.0281430821284269,5.485449190492285e-06,0.0009138380830660913,0.0,0.0,-0.00013120906018753095,0.0,0.8624866612686847,43.97795769048347,2.7166145887694038,0.007001108661941315,4.984863834099595e-07,0.12596108256451016,3.5615910298056745e-05,0.004603995293925304,0.0018789219809099411,4.433982321162321e-05,1.30802991360328,0.12599787313786084,1.7545571596829004e-05,8.647723517600548e-06,1.8562957879146452e-06,0.004563969530954145,0.0,0.008291015927552955,0.0,3.112388500227985e-06,7.667372482518859e-05,0.0030484157647807397,3.45351282399439e-05,0.0009030652795311243,0.0,0.008381662343989946,0.0,3.112388500227985e-06,0.0,0.0,2.754286989059702e-10,1.5270581977699596e-10,0.7166009897414677,0.2654136137978302,0.017908723349518,0.025189488627694705,0.0,0.0,5.013391735732727e+53,1.2229680766919887e+53,0.0,0.0,0.0,0.0,1510298.1286221188,0.0,0.0,0.0,0.0,0.0,0.0,5.080411176949596,0.8200000000000004,0.4401876613042806,0.8200000000000003,0.0,0.022917651,12.0
528.0546528994179,413.0126607544922,12.0,-0.3365786991418346,-0.0769156688412511,4.510347855697423,3.7156371468921154,0.0,0.046029476953472044,0.5668168883313215,2624231.2375142737,0.606050006810736,217895507646970.84,20.7881265674464,7.145326778068062,2.246896745907725,17.35940667074269,0.9995764330036715,-1.2494212324080558,0.2884100554174248,0.6936667590886978,0.017908723349518,0.44043217855672,0.03583800819278242,8.946064249632175e-06,0.001236406448304355,0.0,0.0,-0.00014815514910176386,0.0,1.220666487338616,49.729433827244115,2.9215960972200454,0.007607342386645425,5.150851195903596e-07,0.16042144461334662,5.8088459684149513e-05,0.005778967430336729,0.0028998620517197322,7.062538906556024e-05,1.3952396875447233,0.16045259292384004,1.4462121211493001e-05,9.083039937799066e-06,1.948304285080154e-06,0.004600481122618351,0.0,0.00824859473120119,0.0,3.112388500227985e-06,7.664949541418009e-05,0.0030484157647807392,3.45351282399439e-05,0.0009030652795311241,0.0,0.008381662343989946,0.0,3.112388500227985e-06,0.0,0.0,4.0721770809161114e-10,1.5317503568850088e-10,0.7166010127333282,0.2654136147978302,0.017908723349518,0.025189487368315052,0.0,0.0,5.1423368401041635e+53,1.2203063072713066e+53,0.0,0.0,0.0,0.0,1472068.6993103323,0.0,0.0,0.0,0.0,0.0,0.0,5.068733589726773,0.8300000000000004,0.47751551453713803,0.8300000000000003,0.0,0.022917651,12.0
537.7545064977362,414.24916500675505,12.0,-0.3031936177035095,-0.06832389461609034,4.498279560984684,3.7196875286103457,0.0,0.04432151683020606,0.5793182758964668,2592073.77581661,0.5553544623659981,197949494936887.03,20.743272055036783,7.154074729938874,2.268590447544164,17.380894761548454,0.9995626176174297,-1.243307361416403,0.26968904144077815,0.7123906387148554,0.017908723349518,0.4703202314664234,0.045378622782809776,1.4016803676777784e-05,0.0016941206052702047,0.0,0.0,-0.00016670475120626486,0.0,1.722733608546344,56.50590892595544,3.1350392491344783,0.008252288828890172,5.309774097811001e-07,0.20312126205508135,9.099494160919605e-05,0.00740605984949548,0.0043796382567995945,0.00010941051186633476,1.4824815279232173,0.2032065767576716,1.1596242826060929e-05,9.590795109810484e-06,2.055636116207821e-06,0.004652387709899834,0.0,0.008188463806654559,0.0,3.1123885002279847e-06,7.662352446845273e-05,0.0030484157647807397,3.453512823994389e-05,0.0009030652795311241,0.0,0.008381662343989944,0.0,3.1123885002279847e-06,0.0,0.0,5.385170875988631e-10,1.5365127403740072e-10,0.7166010377144444,0.2654136157978302,0.017908723349518,0.02518948605870244,0.0,0.0,5.2761019988497105e+53,1.2185465730723824e+53,0.0,0.0,0.0,0.0,1434263.9674846118,0.0,0.0,0.0,0.0,0.0,0.0,5.056773424799293,0.8400000000000002,0.5174070053118583,0.8400000000000003,0.0,0.022917651,12.0
548.3873499616526,415.7671078916786,12.0,-0.2687371713251257,-0.05919224160625938,4.485131507272156,3.7237358123872832,0.0,0.042597967844517484,0.5926257616909533,2558015.635663303,0.5048259134921677,178127682522424.12,20.691879673146882,7.163415269712714,2.2929169843086044,17.404626604658976,0.9995485338988155,-1.2343140087819575,0.24914740147477976,0.7329349054120609,0.017908723349518,0.5006823154939538,0.057276946037886745,2.1494376229383207e-05,0.0023636655833871225,0.0,0.0,-0.0001880216400601048,0.0,2.435028215933544,64.6500316135407,3.355837821373365,0.008946266551713052,5.460492839103688e-07,0.25636992910360207,0.00013954148739735002,0.009747366105432372,0.006578459503835424,0.0001678541822755195,1.5684628444829232,0.2565102768604603,8.969618975268869e-06,1.0199002730804515e-05,2.1842342609839312e-06,0.004727383017912766,0.0,0.008101785660962485,0.0,3.1123885002279847e-06,7.659587863044929e-05,0.0030484157647807392,3.453512823994389e-05,0.0009030652795311241,0.0,0.008381662343989944,0.0,3.1123885002279847e-06,0.0,0.0,6.692982668472901e-10,1.5413480259806935e-10,0.7166010643097428,0.2654136167978302,0.017908723349518,0.02518948468493232,0.0,0.0,5.415977249929224e+53,1.2259544996262172e+53,0.0,0.0,0.0,0.0,1396553.9189538942,0.0,0.0,0.0,0.0,0.0,0.0,5.044450833524393,0.8500000000000003,0.5603444147285912,0.8500000000000003,0.0,0.022917651,12.0
560.0276223290939,417.07682237923325,12.0,-0.2330219204057779,-0.049376703442285105,4.470615682861989,3.7277568546082427,0.0,0.04085795796225475,0.6069530888712231,2521593.3755363757,0.45445993617495345,158429057051615.1,20.634229888005805,7.173430405890643,2.320486264452749,17.431138997469304,0.999534412141777,-1.2214447373879456,0.22663109094063882,0.7554535699249291,0.017908723349518003,0.5313613954212845,0.07222977393985763,3.264962706846659e-05,0.0033822989672923224,0.0,0.0,-0.00021159486696451974,0.0,3.4632104487815605,74.66124335073128,3.5853188259763433,0.009692033903510392,5.598785215343818e-07,0.3232940676159664,0.00021196706860500126,0.013264876685949794,0.009959062668837887,0.00025851389101411615,1.6521372861051005,0.3234781362966924,6.615842538427374e-06,1.0952546177511788e-05,2.343623907801019e-06,0.00483814637344131,0.0,0.007973998076962082,0.0,3.112388500227985e-06,7.656640861911066e-05,0.0030484157647807392,3.45351282399439e-05,0.000903065279531124,0.0,0.008381662343989944,0.0,3.112388500227985e-06,0.0,0.0,7.9968108173116e-10,1.5462716731260832e-10,0.7166010928733234,0.26541361779783024,0.017908723349518003,0.025189483160537384,0.0,0.0,5.56398339382456e+53,1.22935222904476e+53,0.0,0.0,0.0,0.0,1359158.9768906417,0.0,0.0,0.0,0.0,0.0,0.0,5.03164031807245,0.8600000000000003,0.6070060971522914,0.8600000000000003,0.0,0.022917651,12.0
572.6627711248594,418.6532093630762,12.0,-0.19582810172651458,-0.038788913247013806,4.454555355070368,3.7317614157586836,0.0,0.03911896711070721,0.622433532132692,2482823.1805971833,0.4045750480531784,139007650497884.17,20.56349081041769,7.184190297868762,2.352028724157605,17.461084903120856,0.9995206915374611,-1.2033825854627378,0.20215189513784995,0.7799348091434536,0.017908723349518,0.5621617683908424,0.09098029786650252,4.925205577707205e-05,0.004985311108682289,0.0,0.0,-0.00023806984715135936,0.0,4.953459470561043,87.2039860884719,3.8233192268496854,0.010493699594526498,5.721826397382394e-07,0.4072018935869209,0.00031975111662609854,0.01874987686919048,0.015320830292910037,0.00040212148987973,1.7322962334075396,0.40752858016805404,4.572291398446537e-06,1.1919015359616896e-05,2.5481510271130064e-06,0.005003709586103478,0.0,0.00778324262610093,0.0,3.112388500227985e-06,7.653517317673924e-05,0.0030484157647807392,3.453512823994389e-05,0.0009030652795311241,0.0,0.008381662343989944,0.0,3.112388500227985e-06,0.0,0.0,9.297461957056474e-10,1.551258414837282e-10,0.7166011230078139,0.26541361879783015,0.017908723349518,0.025189481594019347,0.0,0.0,5.722128467634211e+53,1.2431045823736883e+53,0.0,0.0,0.0,0.0,1322291.417354126,0.0,0.0,0.0,0.0,0.0,0.0,5.018228275403125,0.8700000000000003,0.6581766180788112,0.8700000000000003,0.0,0.022917651,12.0
586.2331268887762,419.89783069428927,12.0,-0.15688776125403983,-0.027249411030193058,4.436591603809833,3.735726750582292,0.0,0.037391383332001996,0.6393228438350087,2441387.7575321402,0.3552669583536069,119906133188855.23,20.475155880635455,7.195794108733452,2.3885894441116537,17.495385945885207,0.9995080076337304,-1.1784003874563957,0.17580934021327438,0.8062790570876667,0.017908723349518,0.5928604920988991,0.11434404512485347,7.380771318307e-05,0.00760693683170802,0.0,0.0,-0.00026905352499568283,0.0,7.112944073556241,103.19120468772968,4.070187401058544,0.011366334520299603,5.826329054913312e-07,0.5117481835377716,0.00047916472140000757,0.027671894184526053,0.024131791193518742,0.0006347804932635852,1.8067271866851926,0.5122203215863562,2.879681377792331e-06,1.320657765242329e-05,2.820766112837763e-06,0.005253579535919324,0.0,0.007495624688764048,0.0,3.1123885002279847e-06,7.650192373152701e-05,0.0030484157647807392,3.45351282399439e-05,0.000903065279531124,0.0,0.008381662343989946,0.0,3.1123885002279847e-06,0.0,0.0,1.0595491808647602e-09,1.5563174110918797e-10,0.7166011551138592,0.2654136197978302,0.017908723349518,0.025189479859650806,0.0,0.0,5.893611408657928e+53,1.2486142328004734e+53,0.0,0.0,0.0,0.0,1286338.3162925288,0.0,0.0,0.0,0.0,0.0,0.0,5.0040357846435075,0.8800000000000003,0.7148852744419659,0.8800000000000003,0.0,0.022917651,12.0
600.651689399523,422.9539916400521,12.0,-0.11583254533612253,-0.01447243414664283,4.41615290082561,3.739602064338232,0.0,0.03566786486549377,0.6581010014487272,2396284.0822578203,0.3064267424504684,101096983525510.38,20.368836659916035,7.208439896669151,2.4314068222354015,17.535385559725086,0.9994970516962224,-1.144272509326469,0.1477485536566728,0.8343411426494738,0.017908723349518,0.6231771251797225,0.14318167389040412,0.00010995441278783633,0.012132299039313373,0.0,0.0,-0.00030507764249126994,0.0,10.24879833344634,124.01555579672016,4.325126969205153,0.012308672706838567,5.906336773431166e-07,0.6408356112344699,0.000713801251767913,0.0430187075819494,0.039392259826795166,0.0010237750496188398,1.8752389669060303,0.6415355677398695,1.57994576776197e-06,1.4998579885235554e-05,3.2003387065273162e-06,0.005634870901824424,0.0,0.007057006625062159,0.0,3.1123885002279847e-06,7.646662022172293e-05,0.0030484157647807397,3.453512823994389e-05,0.000903065279531124,0.0,0.008381662343989944,0.0,3.1123885002279847e-06,0.0,0.0,1.1892396164335575e-09,1.561450534121967e-10,0.7166011891985518,0.26541362079783015,0.017908723349518,0.02518947801005854,0.0,0.0,6.083538151805902e+53,1.2745774000569096e+53,0.0,0.0,0.0,0.0,1251505.005816096,0.0,0.0,0.0,0.0,0.0,0.0,4.988782899299933,0.8900000000000003,0.7786010411816353,0.8900000000000003,0.0,0.022917651,12.0
615.8459359593965,425.6017922135504,12.0,-0.0722684557328264,-0.0002518369650061351,4.392826961653099,3.7433827892112346,0.0,0.0340014018434248,0.6790575063058105,2347834.1919620186,0.2586333367560596,82824091325378.64,20.23101583817976,7.22254818799666,2.481543470109139,17.58260478325538,0.9994877057326575,-1.0995652986950164,0.1180662117917962,0.8640243814220328,0.017908723349518,0.652579307004996,0.17791598928608013,0.00016225306937296,0.020396400689276402,0.0,0.0,-0.00035115380723274315,0.0,14.742854599712969,151.49856474236208,4.58724214903102,0.013319572158666594,5.955209936809144e-07,0.796269733771207,0.0010536817183596089,0.07097456147163557,0.0673246106172232,0.001690560630465098,1.933669821321368,0.7973319004053134,6.839439107350036e-07,1.7587885476067028e-05,3.748851154809593e-06,0.006213964803338033,0.0,0.006391057525682844,0.0,3.112388500227985e-06,7.642940886659069e-05,0.0030484157647807397,3.453512823994389e-05,0.000903065279531124,0.0,0.008381662343989944,0.0,3.112388500227985e-06,0.0,0.0,1.3188310360654806e-09,1.566645909927825e-10,0.7166012254126869,0.2654136217978302,0.017908723349518,0.025189476141514476,0.0,0.0,6.298288721430915e+53,1.3092631327914065e+53,0.0,0.0,0.0,0.0,1218522.5719091773,0.0,0.0,0.0,0.0,0.0,0.0,4.972225201457926,0.9000000000000004,0.8510539317378204,0.9000000000000004,0.0,0.022917651,12.0
629.4380483555042,426.8346123846593,12.0,-0.03749132027666561,0.012295132087599083,4.372308769529702,3.7458035863126,0.0,0.03254761238279891,0.7022629868928706,2291392.6805435186,0.23357112847719375,73971394437692.4,20.090521828040316,7.234100002829365,2.5210255138539903,17.61856465052021,0.999473719289794,-1.0679220018440523,0.09329821899098929,0.8887926590939114,0.017908723349518003,0.67657705313413,0.21035501043206337,0.0002631028744773413,0.048146879882261115,0.0,0.0,-0.0004272412077510616,0.0,23.38039842490851,196.9954608517765,4.814099116218809,0.014039117153112112,5.968248571432819e-07,0.9413961904929601,0.001708158237986405,0.16484402176555826,0.1613963180415099,0.0030300592851847346,1.9745056264827539,0.9431479804210162,3.9843466689282984e-07,2.0900973119313205e-05,4.449407511026433e-06,0.006905245840938308,0.0,0.005595742379985388,0.0,3.1123885022905734e-06,7.642158487819461e-05,0.0030484157643223867,3.453512824223566e-05,0.0009030652795769594,0.0,0.008381662342156532,0.0,3.1123885022905734e-06,0.0,0.0,1.6139335297169082e-09,1.5683178055640269e-10,0.7166012344514385,0.26541362112074784,0.017908723349518003,0.02518947566988846,0.0,0.0,6.533320422250749e+53,1.3156624220245267e+53,0.0,0.0,0.0,0.0,1189306.2920151905,0.0,0.0,0.0,0.0,0.0,0.0,4.958330155350175,0.9100000000000004,0.935342073481953,0.9100000000000004,0.0,0.022917651,12.0
645.4246489403965,429.3381320596923,12.0,-0.001580567917926638,0.025745805562630657,4.349983170804956,3.7480559400186277,0.0,0.031193046652886483,0.727081674970178,2234410.8658664944,0.20936451471695797,65477933194540.07,19.91873143241864,7.245517053680909,2.5657423758297924,17.659855236441327,0.9994685920081233,-1.021974055650846,0.06917043780547974,0.9129206331256434,0.017908723349518003,0.6978139130849199,0.24300110631048727,0.0003782666165813569,0.085091427300865,0.0,0.0,-0.0005140783179191079,0.0,33.33999600308584,250.03107154294923,5.02466372535432,0.014696970633468708,5.953592288959978e-07,1.0875538174571895,0.0024559917948208374,0.2898256836260436,0.2866212450739003,0.00467740277527871,2.0054733655709893,1.0899491717708698,2.057255285903249e-07,2.441265932560841e-05,5.191725316238181e-06,0.007621068863147765,0.0,0.004772063055813832,0.0,3.1123885043531626e-06,7.641361144222494e-05,0.0030484157638640337,3.453512824452743e-05,0.000903065279622795,0.0,0.008381662340323122,0.0,3.1123885043531626e-06,0.0,0.0,1.9092548557588998e-09,1.569994818418811e-10,0.7166012427823347,0.2654136204436655,0.017908723349518003,0.025189475194576896,0.0,0.0,6.795735931800023e+53,1.3319999324284207e+53,0.0,0.0,0.0,0.0,1162497.624077784,0.0,0.0,0.0,0.0,0.0,0.0,4.943596809195656,0.9200000000000005,1.0262847420664847,0.9200000000000004,0.0,0.022917651,12.0
665.3413009169309,430.5400998029451,12.0,0.03556488065701039,0.04019105093439807,4.325668430952795,3.75011967697979,0.0,0.029978472760195593,0.7536031619106384,2177523.9819877255,0.1861884206027834,57407309069982.55,19.709872736192498,7.256937332810597,2.6158190000078654,17.707259525519568,0.9994715790302487,-0.9609479615609469,0.04634667125351502,0.9357445183331872,0.017908723349518003,0.7157171226879833,0.27519615854224794,0.0005105861221208404,0.13326178697717408,0.0,0.0,-0.0006114660183079002,0.0,44.8928989109631,312.08843412882675,5.21789944992816,0.015283548126856684,5.907801689170937e-07,1.2318033766102747,0.0033150245395819075,0.4529143088683798,0.4499977258525273,0.006700470530215701,2.0239619863314218,1.2352278186579984,8.719813924820475e-08,2.8077842327280956e-05,5.966084569471077e-06,0.008339331492976058,0.0,0.003945351507509817,0.0,3.1123885064157505e-06,7.640550643857524e-05,0.0030484157634056803,3.45351282468192e-05,0.00090306527966863,0.0,0.00838166233848971,0.0,3.1123885064157505e-06,0.0,0.0,2.204750096926686e-09,1.5716755197055947e-10,0.7166012518314695,0.2654136197665832,0.017908723349518003,0.025189474712953127,0.0,0.0,7.091443047939808e+53,1.3577542277576563e+53,0.0,0.0,0.0,0.0,1138833.685317519,0.00010355177082587631,0.026865831395598706,0.2093258665015589,0.0022619518414915686,0.01977716604209928,0.08733588330942309,4.927953800340845,0.9300000000000004,1.124685637332263,0.9300000000000004,0.0,0.022917651,12.0
693.0004720826336,433.945562418013,12.0,0.07389935202151977,0.05575063726905484,4.299125008053227,3.7519235037887166,0.0,0.028984997828428016,0.7818738983732635,2121937.826832351,0.16427649849304896,49838346285486.86,19.459618601121242,7.268111261414366,2.6722400369385904,17.7616093090172,0.9994833579152236,-0.8810863607474618,0.024861700360400293,0.9572295504185075,0.017908723349518,0.7296027894605712,0.3063393740696625,0.0006612623135573255,0.19432310113278087,0.0,0.0,-0.0007615621495625095,0.0,58.15498483662709,383.8573022550474,5.381117941054598,0.01574116398933652,5.826619779402432e-07,1.37108912141258,0.004293159502499364,0.659625561208695,0.6571291832605807,0.009091269324481704,2.0312617799944763,1.3752752053505424,2.582213560788163e-08,3.1810664213940836e-05,6.754071969898232e-06,0.009024361957772106,0.0,0.0031565126186876616,0.0,3.1123885084783393e-06,7.639740745536344e-05,0.0030484157629473273,3.453512824911096e-05,0.0009030652797144654,0.0,0.008381662336656296,0.0,3.1123885084783393e-06,0.0,0.0,2.499650454601639e-09,1.5733620770892233e-10,0.7166012602906734,0.26541361908950084,0.017908723349518,0.025189474266343118,0.0,0.0,7.431400038821797e+53,1.4020175930402387e+53,0.0,0.0,0.0,0.0,1119902.5982400766,0.0008901177530650893,0.0377636809917532,0.27499864690837306,0.0055179224760697025,0.02607333570605529,0.11293408081913003,4.911356777579644,0.9400000000000005,1.230926523375507,0.9400000000000004,0.0,0.022917651,12.0
726.0830639122173,436.82597888935845,12.0,0.11408247674612218,0.07297090722029027,4.269260217336922,3.753359150958613,0.0,0.02832591646312481,0.8125455167715272,2068375.520681915,0.14360826990660644,42763952769562.76,19.152269910496624,7.275909490360836,2.740679082455495,17.827958638547848,0.9995228264907038,-0.7515289050286774,0.007836066044269487,0.9742552055481778,0.017908723349518,0.7408426847787614,0.337510116099154,0.0008371329337075135,0.2686894777698314,0.0,0.0,-0.0009178084149300168,0.0,73.67773961081595,467.08317708340263,5.515433460561952,0.016085757499852825,5.719749772985914e-07,1.5108044279220705,0.005434817014315867,0.9109883780673356,0.9093233415142868,0.011764349857382126,2.0356569164942857,1.515787149997612,4.8903029403044614e-09,3.4837879812568284e-05,7.392408692266755e-06,0.009540089727745168,0.0,0.002562287516894865,0.0,3.1123885105409276e-06,7.638950270983927e-05,0.0030484157624889744,3.453512825140272e-05,0.0009030652797603006,0.0,0.008381662334822883,0.0,3.1123885105409276e-06,0.0,0.0,2.793685051343278e-09,1.5750462943235733e-10,0.7166012686570779,0.26541361841241845,0.017908723349518,0.025189473783279657,0.0,0.0,7.837839953347818e+53,1.473245510682769e+53,0.0,0.0,0.0,0.0,1108204.8027597272,0.0025517677535702252,0.05192324556081786,0.35566511669802325,0.008969247380321028,0.03393617673716213,0.1450287602412052,4.893326655809362,0.9500000000000004,1.3478794627412747,0.9500000000000004,0.0,0.022917651,12.0
766.6123123022152,442.0514686354746,12.0,0.1577780778131258,0.09285786634200993,4.234062048030024,3.7543395682321483,0.0,0.028125016210115854,0.8470747692835872,2017246.5369029043,0.12382037806279884,36045557668546.32,18.75991995733971,7.279439745855224,2.8261369266247165,17.91540613274948,0.999596879627298,-0.5465428961987007,0.0011365917774844576,0.9809546845854625,0.017908723349518,0.7505421374122925,0.37136543713557196,0.0010686607589962976,0.35982121324598054,0.0,0.0,-0.000824746591961128,0.0,93.82555855300058,569.7698278187642,5.647774195079276,0.0164671892624219,5.578519999199219e-07,1.6620262737378078,0.006937464143470784,1.2190126781437187,1.2187066345673052,0.014955500208458155,2.0304917203041257,1.6686702605451884,3.923671817881064e-10,3.645006110429331e-05,7.730704104675547e-06,0.00978388718077249,0.0,0.0022810959234037614,0.0,3.1123885126035168e-06,7.638312022918084e-05,0.0030484157620306214,3.4535128253694497e-05,0.000903065279806136,0.0,0.008381662332989473,0.0,3.1123885126035168e-06,0.0,0.0,3.0812545346979864e-09,1.576686572116274e-10,0.7166012762368058,0.2654136177353361,0.017908723349518,0.025189473364925333,0.0,0.0,8.352208882058085e+53,1.604107774912384e+53,0.0,0.0,0.0,0.0,1106642.637984726,0.006316062838682859,0.09992578010295604,0.641173013878616,0.015877634091401093,0.0647870720538487,0.27956675876601267,4.872911935467119,0.9600000000000005,1.4827976407552688,0.9600000000000004,0.0,0.022917651,12.0
843.007592961946,447.18711565272935,12.0,0.2062009302287375,0.11690119679162833,4.190551135708173,3.7544236183721735,0.0,0.028939053455590457,0.8869876772017081,1974739.0424264246,0.10604875870052984,30082967781067.266,18.231213561270177,7.2839753317908755,2.936599579231006,18.03489437250532,0.9996809817313826,-0.2652735305957189,3.4309285896408076e-05,0.9820569674115238,0.017908723349518003,0.7487429546690582,0.40421318895984065,0.0014021818225879556,0.4916958792844215,0.0,0.0,-0.0014350285517603662,0.0,122.68887842118463,711.8018672959581,5.741396510320573,0.01674388174741121,5.315165608358188e-07,1.8091394900710704,0.009103404735872038,1.666329390432001,1.6656375473528633,0.019218815310388895,1.9707172700159508,1.8184128526289844,8.331822688351926e-13,3.765728469901702e-05,7.976508304239802e-06,0.00990606457854455,0.0,0.002139552443901989,0.0,3.112388514666105e-06,7.638199617380326e-05,0.0030484157615722684,3.4535128255986256e-05,0.0009030652798519713,0.0,0.00838166233115606,0.0,3.112388514666105e-06,0.0,0.0,3.3503215282558753e-09,1.5780182834969157e-10,0.7166012778402686,0.2654136170582538,0.017908723349518003,0.025189473256943533,0.0,0.0,9.079314725032199e+53,1.8366022519817836e+53,0.0,0.0,0.0,0.0,1126436.283217595,0.015829913627830792,0.11733187347629193,0.6644370312098705,0.023864849450451687,0.06670306919271896,0.2762602358765516,4.84902418149829,0.9700000000000004,1.646054258946342,0.9700000000000004,0.0,0.022917651,12.0
935.0924945721318,454.86982022274384,12.0,0.2600881589493689,0.14849275169036702,4.131943774708904,3.7520996476538673,0.0,0.033185170675670755,0.9331448522008894,1967796.9816697622,0.09499275523385313,26561013812981.52,17.43439533664374,7.290628646109072,3.1011290633162965,18.216854240486896,0.9997766252784789,0.17919779788205184,4.439539723752977e-09,0.9820912780922283,0.017908717420208616,0.7200545971555602,0.43514480031875086,0.001936084964610307,0.6924768220947685,0.0,0.0,-0.0021936567617635945,0.0,168.37903260720518,922.666706348149,5.6325173611528845,0.016385115951802993,4.829743170997612e-07,1.947807719972764,0.0125706913453249,2.3457237780775286,2.347221545252278,0.024909137244732864,1.8380160610159844,1.9602095745479706,4.5166833531995206e-21,3.8284059794377364e-05,8.099839640312686e-06,0.00999502138368909,0.0,0.0020369000351445183,0.0,3.112388516728694e-06,7.64212411009651e-05,0.0030484157611139154,3.4535128258278015e-05,0.0009030652798978066,0.0,0.008381662329322649,0.0,3.112388516728694e-06,0.0,0.0,3.47942989630059e-09,1.575591900603191e-10,0.7166012392046098,0.2654136163811714,0.017908723349518,0.025189475397277283,0.0,0.0,1.0368812733263432e+54,2.389554594566131e+53,0.0,0.0,0.0,0.0,1210104.0319082944,0.032864479270771685,0.1299419706716286,0.6383579011765242,0.02746964325084145,0.06181228302993045,0.2507629378867236,4.819550243317881,0.9800000000000004,1.8496124001992456,0.9800000000000004,0.0,0.022917651,12.0
1047.281518347612,468.5122285582972,12.0,0.3170506361620087,0.19567227645954324,4.042160475883677,3.7427505053815597,0.0,0.052175804139920026,0.9777569532600049,2095101.2387875663,0.10469835624701782,30538634269679.184,16.038987933479994,7.3054566836845165,3.411139630565604,18.574746227757398,0.9998877270739975,1.114922906909345,2.0919188176614435e-18,0.9820912827467362,0.017908717396763158,0.5975445726070444,0.4313941094333414,0.0028593019011911294,1.0672599828194183,0.0,0.0,-0.004993795742381484,0.0,247.53035902493255,1277.905245458229,4.853667706305285,0.014045624605003542,3.677114280941625e-07,1.9308846206157637,0.018563102143920294,3.6131570090228213,3.6209003533202195,0.032857229559829226,1.4323729321137377,1.949327660901688,0.0,3.8719886111316104e-05,8.191584701270192e-06,0.010082889278101545,0.0,0.0019357855586365378,0.0,3.112388518791282e-06,7.682680941654201e-05,0.0030484157606555625,3.453512826056978e-05,0.0009030652799436418,0.0,0.008381662327489237,0.0,3.112388518791282e-06,0.0,0.0,2.4337607573273238e-09,1.5216779669317975e-10,0.7166008345275435,0.2654136157040891,0.017908723349518,0.02518949737186714,0.0,0.0,1.3725048449824508e+54,4.41618829784806e+53,0.0,0.0,0.0,0.0,1518645.2961977457,0.06341126784684392,0.14369013851764806,0.5538862282750325,0.027843580744564028,0.05329024577814119,0.20554802887415535,4.779527856704728,0.9900000000000004,2.0990578451791517,0.9900000000000004,0.0,0.022917651,12.0
1176.0506782646382,510.0794762398105,12.0,0.349029922185921,0.30508277191521005,3.827915234110582,3.6960400756161227,0.0,0.3177552247706026,0.8825781529958401,3041763.937611059,0.32601946219382094,134275067984877.61,10.264795174956221,7.405904927207391,4.280566632750586,19.750177772135544,0.9999811471441654,4.912912263580213,0.0,0.9820912827421527,0.017908717439513274,0.15984234295101002,0.21931117010711257,0.00410702944836509,1.867770410643679,0.0,0.0,-0.012665146822299522,0.0,360.6493905501683,1837.8448051474966,1.5346711202103451,0.005217337951750136,6.504998856580323e-08,0.9818699741862237,0.026668848979834556,6.304917008185435,6.354954553498463,0.041330281395484184,0.26078759211675917,1.0081108512679693,0.0,3.9155238737195716e-05,8.283305283919453e-06,0.01017075762464841,0.0,0.0018346712320054745,0.0,3.112388520853871e-06,0.0005339440879843713,0.0030484110377980503,3.4539982744895636e-05,0.00090306556236287,0.0,0.008381662325655825,0.0,3.112388520853871e-06,0.0,3.7275966559990457e-34,3.9522956930759656e-10,2.9911228521309896e-11,0.716136450877225,0.2654208778455644,0.017908723349518,0.025208939213718373,0.0,0.0,4.130340938234399e+54,3.256370764799769e+54,0.0,0.0,0.0,0.0,3734927.1074756,0.12029645418500186,0.15566455223012027,0.2275148866440081,0.01868867709421147,0.03435769634055195,0.0802609722902274,4.7069997609240275,1.0000000000000004,2.2510307514350263,1.0000000000000004,0.0,0.022917651,12.0
1296.7980867856156,549.5567077082179,12.0,0.6920596922929513,0.5144653806189167,3.4132892853516044,3.677106219959278,0.0,0.7091871552452614,0.6185847106001607,3854338.457421372,0.3272426719557551,158957839135808.38,4.4187717785456755,7.447654394786434,4.806453382404174,20.54602320113004,0.9999955628977973,9.929262425060369,0.0,0.9820912826421527,0.01790871751134669,0.09125560959564856,0.16476467054651392,0.018337530213078875,4.642900471719457,0.0,0.0,0.00914874029097035,0.0,1494.3180139966744,5679.009102413833,0.9484591521891786,0.0031600086055842804,2.1284378177375544e-08,0.7375546326481311,0.11904503220731405,15.617401228213508,15.839772802103532,0.10786469877759639,0.11139361571189145,0.8566470568498891,0.0,3.950815536817576e-05,8.357543354467705e-06,0.01023251145320194,0.0,0.0017635334971001111,0.0,3.1123885187912826e-06,0.0014062441768106877,0.0028440002849541004,8.324782977865452e-05,0.001085528550678253,0.0,0.008381653105024603,0.0,3.1123885187912826e-06,0.0,0.0,3.1906383174166874e-11,1.3160008655097626e-11,0.7018805692368973,0.27880446317896007,0.017908723349518,0.025733255263326312,0.0,0.0,1.3566302941747768e+55,1.3446437236816351e+55,0.0,0.0,0.0,0.0,5185734.720589223,0.16444367686845374,0.168714408330239,0.1927510595621008,0.009798464310704866,0.011541372687678965,0.036088382281107015,4.507082785936964,1.0100000000000007,4.917258073641103,1.0100000000000005,0.0,0.022917651,12.0
,,,,,,,,,,,,,,,,,,,,,,,,,,,,,,,,,,,,,,,,,,,,,,,,,,,,,,,,,,,,,,,,,,,,,,,,,,,,,,,,,,,,7.900000000000007,0.0,0.022917651,12.0
,,,,,,,,,,,,,,,,,,,,,,,,,,,,,,,,,,,,,,,,,,,,,,,,,,,,,,,,,,,,,,,,,,,,,,,,,,,,,,,,,,,,7.910000000000006,0.0,0.022917651,12.0
,,,,,,,,,,,,,,,,,,,,,,,,,,,,,,,,,,,,,,,,,,,,,,,,,,,,,,,,,,,,,,,,,,,,,,,,,,,,,,,,,,,,7.920000000000007,0.0,0.022917651,12.0
,,,,,,,,,,,,,,,,,,,,,,,,,,,,,,,,,,,,,,,,,,,,,,,,,,,,,,,,,,,,,,,,,,,,,,,,,,,,,,,,,,,,7.930000000000007,0.0,0.022917651,12.0
,,,,,,,,,,,,,,,,,,,,,,,,,,,,,,,,,,,,,,,,,,,,,,,,,,,,,,,,,,,,,,,,,,,,,,,,,,,,,,,,,,,,7.940000000000007,0.0,0.022917651,12.0
,,,,,,,,,,,,,,,,,,,,,,,,,,,,,,,,,,,,,,,,,,,,,,,,,,,,,,,,,,,,,,,,,,,,,,,,,,,,,,,,,,,,7.950000000000006,0.0,0.022917651,12.0
,,,,,,,,,,,,,,,,,,,,,,,,,,,,,,,,,,,,,,,,,,,,,,,,,,,,,,,,,,,,,,,,,,,,,,,,,,,,,,,,,,,,7.960000000000006,0.0,0.022917651,12.0
,,,,,,,,,,,,,,,,,,,,,,,,,,,,,,,,,,,,,,,,,,,,,,,,,,,,,,,,,,,,,,,,,,,,,,,,,,,,,,,,,,,,7.970000000000007,0.0,0.022917651,12.0
,,,,,,,,,,,,,,,,,,,,,,,,,,,,,,,,,,,,,,,,,,,,,,,,,,,,,,,,,,,,,,,,,,,,,,,,,,,,,,,,,,,,7.980000000000007,0.0,0.022917651,12.0
,,,,,,,,,,,,,,,,,,,,,,,,,,,,,,,,,,,,,,,,,,,,,,,,,,,,,,,,,,,,,,,,,,,,,,,,,,,,,,,,,,,,7.990000000000006,0.0,0.022917651,12.0
,,,,,,,,,,,,,,,,,,,,,,,,,,,,,,,,,,,,,,,,,,,,,,,,,,,,,,,,,,,,,,,,,,,,,,,,,,,,,,,,,,,,8.000000000000007,0.0,0.022917651,12.0
